topic,question,expected_answer,latency,activation_count,agent_name,email_id,email_subject,email_body,sentiment,response
Order Tracking,"Hi, I placed an order last week, but it hasn't arrived yet. Can you help me track it?","Hello! I see that you placed an order last week and are looking to track it. Based on the information retrieved:

- **Response:** Please allow 3-5 business days for your order to arrive.

If you have any further questions or need additional assistance, feel free to ask!",6485.40 ms,4,email_ingestion_agent,123,Need help with my order,"Hi, I placed an order last week, but it hasn't arrived yet. Can you help me track it?",,
Order Tracking,"Hi, I placed an order last week, but it hasn't arrived yet. Can you help me track it?","Hello! I see that you placed an order last week and are looking to track it. Based on the information retrieved:

- **Response:** Please allow 3-5 business days for your order to arrive.

If you have any further questions or need additional assistance, feel free to ask!",6485.40 ms,4,email_ingestion_agent,124,Question about my subscription,"Hello, I have a question about my subscription renewal. Can you provide more details?",,
Order Tracking,"Hi, I placed an order last week, but it hasn't arrived yet. Can you help me track it?","Hello! I see that you placed an order last week and are looking to track it. Based on the information retrieved:

- **Response:** Please allow 3-5 business days for your order to arrive.

If you have any further questions or need additional assistance, feel free to ask!",6485.40 ms,4,sentiment_analysis_agent,123,,,neutral,
Order Tracking,"Hi, I placed an order last week, but it hasn't arrived yet. Can you help me track it?","Hello! I see that you placed an order last week and are looking to track it. Based on the information retrieved:

- **Response:** Please allow 3-5 business days for your order to arrive.

If you have any further questions or need additional assistance, feel free to ask!",6485.40 ms,4,sentiment_analysis_agent,124,,,positive,
Order Tracking,"Hi, I placed an order last week, but it hasn't arrived yet. Can you help me track it?","Hello! I see that you placed an order last week and are looking to track it. Based on the information retrieved:

- **Response:** Please allow 3-5 business days for your order to arrive.

If you have any further questions or need additional assistance, feel free to ask!",6485.40 ms,4,faq_knowledge_base_agent,123,,,,Please allow 3-5 business days for your order to arrive.
Order Tracking,"Hi, I placed an order last week, but it hasn't arrived yet. Can you help me track it?","Hello! I see that you placed an order last week and are looking to track it. Based on the information retrieved:

- **Response:** Please allow 3-5 business days for your order to arrive.

If you have any further questions or need additional assistance, feel free to ask!",6485.40 ms,4,faq_knowledge_base_agent,124,,,,Your subscription will renew on the 15th of next month.
Subscription Inquiry,"Hello, I have a question about my subscription renewal. Can you provide more details?","Hello! Regarding your subscription renewal, your subscription will renew on the 15th of next month. If you have any further questions or need assistance, feel free to ask!",8385.05 ms,4,email_ingestion_agent,123,Need help with my order,"Hi, I placed an order last week, but it hasn't arrived yet. Can you help me track it?",,
Subscription Inquiry,"Hello, I have a question about my subscription renewal. Can you provide more details?","Hello! Regarding your subscription renewal, your subscription will renew on the 15th of next month. If you have any further questions or need assistance, feel free to ask!",8385.05 ms,4,email_ingestion_agent,124,Question about my subscription,"Hello, I have a question about my subscription renewal. Can you provide more details?",,
Subscription Inquiry,"Hello, I have a question about my subscription renewal. Can you provide more details?","Hello! Regarding your subscription renewal, your subscription will renew on the 15th of next month. If you have any further questions or need assistance, feel free to ask!",8385.05 ms,4,sentiment_analysis_agent,123,,,neutral,
Subscription Inquiry,"Hello, I have a question about my subscription renewal. Can you provide more details?","Hello! Regarding your subscription renewal, your subscription will renew on the 15th of next month. If you have any further questions or need assistance, feel free to ask!",8385.05 ms,4,sentiment_analysis_agent,124,,,positive,
Subscription Inquiry,"Hello, I have a question about my subscription renewal. Can you provide more details?","Hello! Regarding your subscription renewal, your subscription will renew on the 15th of next month. If you have any further questions or need assistance, feel free to ask!",8385.05 ms,4,faq_knowledge_base_agent,123,,,,Please allow 3-5 business days for your order to arrive.
Subscription Inquiry,"Hello, I have a question about my subscription renewal. Can you provide more details?","Hello! Regarding your subscription renewal, your subscription will renew on the 15th of next month. If you have any further questions or need assistance, feel free to ask!",8385.05 ms,4,faq_knowledge_base_agent,124,,,,Your subscription will renew on the 15th of next month.
Urgent Support Request,"Hi, my user_id is 123. I've been trying to get in touch with customer support for 3 days now, and I'm not getting any response. Can you help me?","Hello! I understand you've been trying to reach customer support without success. Here are the relevant emails I found:

1. **Subject:** Need help with my order  
   - **Response:** ""Please allow 3-5 business days for your order to arrive.""

2. **Subject:** Question about my subscription  
   - **Response:** ""Your subscription will renew on the 15th of next month.""

The first email is a straightforward request for assistance regarding an order, and the second is a friendly inquiry about a subscription. Since there are no urgent issues identified, I recommend waiting for the standard response time. If you need further assistance or wish to send these responses, please let me know!",5638.41 ms,4,email_ingestion_agent,123,Need help with my order,"Hi, I placed an order last week, but it hasn't arrived yet. Can you help me track it?",,
Urgent Support Request,"Hi, my user_id is 123. I've been trying to get in touch with customer support for 3 days now, and I'm not getting any response. Can you help me?","Hello! I understand you've been trying to reach customer support without success. Here are the relevant emails I found:

1. **Subject:** Need help with my order  
   - **Response:** ""Please allow 3-5 business days for your order to arrive.""

2. **Subject:** Question about my subscription  
   - **Response:** ""Your subscription will renew on the 15th of next month.""

The first email is a straightforward request for assistance regarding an order, and the second is a friendly inquiry about a subscription. Since there are no urgent issues identified, I recommend waiting for the standard response time. If you need further assistance or wish to send these responses, please let me know!",5638.41 ms,4,email_ingestion_agent,124,Question about my subscription,"Hello, I have a question about my subscription renewal. Can you provide more details?",,
Urgent Support Request,"Hi, my user_id is 123. I've been trying to get in touch with customer support for 3 days now, and I'm not getting any response. Can you help me?","Hello! I understand you've been trying to reach customer support without success. Here are the relevant emails I found:

1. **Subject:** Need help with my order  
   - **Response:** ""Please allow 3-5 business days for your order to arrive.""

2. **Subject:** Question about my subscription  
   - **Response:** ""Your subscription will renew on the 15th of next month.""

The first email is a straightforward request for assistance regarding an order, and the second is a friendly inquiry about a subscription. Since there are no urgent issues identified, I recommend waiting for the standard response time. If you need further assistance or wish to send these responses, please let me know!",5638.41 ms,4,sentiment_analysis_agent,123,,,neutral,
Urgent Support Request,"Hi, my user_id is 123. I've been trying to get in touch with customer support for 3 days now, and I'm not getting any response. Can you help me?","Hello! I understand you've been trying to reach customer support without success. Here are the relevant emails I found:

1. **Subject:** Need help with my order  
   - **Response:** ""Please allow 3-5 business days for your order to arrive.""

2. **Subject:** Question about my subscription  
   - **Response:** ""Your subscription will renew on the 15th of next month.""

The first email is a straightforward request for assistance regarding an order, and the second is a friendly inquiry about a subscription. Since there are no urgent issues identified, I recommend waiting for the standard response time. If you need further assistance or wish to send these responses, please let me know!",5638.41 ms,4,sentiment_analysis_agent,124,,,positive,
Urgent Support Request,"Hi, my user_id is 123. I've been trying to get in touch with customer support for 3 days now, and I'm not getting any response. Can you help me?","Hello! I understand you've been trying to reach customer support without success. Here are the relevant emails I found:

1. **Subject:** Need help with my order  
   - **Response:** ""Please allow 3-5 business days for your order to arrive.""

2. **Subject:** Question about my subscription  
   - **Response:** ""Your subscription will renew on the 15th of next month.""

The first email is a straightforward request for assistance regarding an order, and the second is a friendly inquiry about a subscription. Since there are no urgent issues identified, I recommend waiting for the standard response time. If you need further assistance or wish to send these responses, please let me know!",5638.41 ms,4,faq_knowledge_base_agent,123,,,,Please allow 3-5 business days for your order to arrive.
Urgent Support Request,"Hi, my user_id is 123. I've been trying to get in touch with customer support for 3 days now, and I'm not getting any response. Can you help me?","Hello! I understand you've been trying to reach customer support without success. Here are the relevant emails I found:

1. **Subject:** Need help with my order  
   - **Response:** ""Please allow 3-5 business days for your order to arrive.""

2. **Subject:** Question about my subscription  
   - **Response:** ""Your subscription will renew on the 15th of next month.""

The first email is a straightforward request for assistance regarding an order, and the second is a friendly inquiry about a subscription. Since there are no urgent issues identified, I recommend waiting for the standard response time. If you need further assistance or wish to send these responses, please let me know!",5638.41 ms,4,faq_knowledge_base_agent,124,,,,Your subscription will renew on the 15th of next month.
Refund Request,I want to request a refund for my last purchase. How can I proceed?,"To request a refund for your last purchase, please follow these steps:

1. **Contact Customer Support:** You can reach out to the customer support team via email or through the contact form on the website. Include your order number and a brief explanation of why you are requesting a refund.

2. **Provide Necessary Information:** Make sure to provide any relevant details such as your order ID, the date of purchase, and the reason for the refund request.

3. **Wait for a Response:** After submitting your request, please allow 3-5 business days for the customer support team to process your request and get back to you.

If you have any further questions or need assistance with the process, feel free to ask!",4295.36 ms,3,email_ingestion_agent,123,Need help with my order,"Hi, I placed an order last week, but it hasn't arrived yet. Can you help me track it?",,
Refund Request,I want to request a refund for my last purchase. How can I proceed?,"To request a refund for your last purchase, please follow these steps:

1. **Contact Customer Support:** You can reach out to the customer support team via email or through the contact form on the website. Include your order number and a brief explanation of why you are requesting a refund.

2. **Provide Necessary Information:** Make sure to provide any relevant details such as your order ID, the date of purchase, and the reason for the refund request.

3. **Wait for a Response:** After submitting your request, please allow 3-5 business days for the customer support team to process your request and get back to you.

If you have any further questions or need assistance with the process, feel free to ask!",4295.36 ms,3,email_ingestion_agent,124,Question about my subscription,"Hello, I have a question about my subscription renewal. Can you provide more details?",,
Refund Request,I want to request a refund for my last purchase. How can I proceed?,"To request a refund for your last purchase, please follow these steps:

1. **Contact Customer Support:** You can reach out to the customer support team via email or through the contact form on the website. Include your order number and a brief explanation of why you are requesting a refund.

2. **Provide Necessary Information:** Make sure to provide any relevant details such as your order ID, the date of purchase, and the reason for the refund request.

3. **Wait for a Response:** After submitting your request, please allow 3-5 business days for the customer support team to process your request and get back to you.

If you have any further questions or need assistance with the process, feel free to ask!",4295.36 ms,3,faq_knowledge_base_agent,123,,,,Please allow 3-5 business days for your order to arrive.
Refund Request,I want to request a refund for my last purchase. How can I proceed?,"To request a refund for your last purchase, please follow these steps:

1. **Contact Customer Support:** You can reach out to the customer support team via email or through the contact form on the website. Include your order number and a brief explanation of why you are requesting a refund.

2. **Provide Necessary Information:** Make sure to provide any relevant details such as your order ID, the date of purchase, and the reason for the refund request.

3. **Wait for a Response:** After submitting your request, please allow 3-5 business days for the customer support team to process your request and get back to you.

If you have any further questions or need assistance with the process, feel free to ask!",4295.36 ms,3,faq_knowledge_base_agent,124,,,,Your subscription will renew on the 15th of next month.
Technical Issue,I'm having trouble logging into my account. Can you help me reset my password?,"To reset your password, please follow these steps:

1. Go to the login page of the website.
2. Click on the ""Forgot Password?"" link.
3. Enter your registered email address and submit the form.
4. Check your email inbox for a password reset link.
5. Follow the instructions in the email to create a new password.

If you encounter any issues during this process, feel free to ask for further assistance!",4008.85 ms,3,email_ingestion_agent,123,Need help with my order,"Hi, I placed an order last week, but it hasn't arrived yet. Can you help me track it?",,
Technical Issue,I'm having trouble logging into my account. Can you help me reset my password?,"To reset your password, please follow these steps:

1. Go to the login page of the website.
2. Click on the ""Forgot Password?"" link.
3. Enter your registered email address and submit the form.
4. Check your email inbox for a password reset link.
5. Follow the instructions in the email to create a new password.

If you encounter any issues during this process, feel free to ask for further assistance!",4008.85 ms,3,email_ingestion_agent,124,Question about my subscription,"Hello, I have a question about my subscription renewal. Can you provide more details?",,
Technical Issue,I'm having trouble logging into my account. Can you help me reset my password?,"To reset your password, please follow these steps:

1. Go to the login page of the website.
2. Click on the ""Forgot Password?"" link.
3. Enter your registered email address and submit the form.
4. Check your email inbox for a password reset link.
5. Follow the instructions in the email to create a new password.

If you encounter any issues during this process, feel free to ask for further assistance!",4008.85 ms,3,faq_knowledge_base_agent,123,,,,Please allow 3-5 business days for your order to arrive.
Technical Issue,I'm having trouble logging into my account. Can you help me reset my password?,"To reset your password, please follow these steps:

1. Go to the login page of the website.
2. Click on the ""Forgot Password?"" link.
3. Enter your registered email address and submit the form.
4. Check your email inbox for a password reset link.
5. Follow the instructions in the email to create a new password.

If you encounter any issues during this process, feel free to ask for further assistance!",4008.85 ms,3,faq_knowledge_base_agent,124,,,,Your subscription will renew on the 15th of next month.
Cancellation Request,I’d like to cancel my subscription. What steps do I need to follow?,"To cancel your subscription, please follow these steps:

1. **Log into your account** on our website.
2. **Navigate to the 'Account Settings'** or 'Subscription' section.
3. **Select 'Manage Subscription'** or 'Cancel Subscription'.
4. **Follow the prompts** to confirm your cancellation.

If you encounter any issues or need further assistance, feel free to reach out to our support team.",15096.28 ms,3,faq_knowledge_base_agent,123,,,,Please allow 3-5 business days for your order to arrive.
Cancellation Request,I’d like to cancel my subscription. What steps do I need to follow?,"To cancel your subscription, please follow these steps:

1. **Log into your account** on our website.
2. **Navigate to the 'Account Settings'** or 'Subscription' section.
3. **Select 'Manage Subscription'** or 'Cancel Subscription'.
4. **Follow the prompts** to confirm your cancellation.

If you encounter any issues or need further assistance, feel free to reach out to our support team.",15096.28 ms,3,faq_knowledge_base_agent,124,,,,Your subscription will renew on the 15th of next month.
Cancellation Request,I’d like to cancel my subscription. What steps do I need to follow?,"To cancel your subscription, please follow these steps:

1. **Log into your account** on our website.
2. **Navigate to the 'Account Settings'** or 'Subscription' section.
3. **Select 'Manage Subscription'** or 'Cancel Subscription'.
4. **Follow the prompts** to confirm your cancellation.

If you encounter any issues or need further assistance, feel free to reach out to our support team.",15096.28 ms,3,sentiment_analysis_agent,123,,,neutral,
Cancellation Request,I’d like to cancel my subscription. What steps do I need to follow?,"To cancel your subscription, please follow these steps:

1. **Log into your account** on our website.
2. **Navigate to the 'Account Settings'** or 'Subscription' section.
3. **Select 'Manage Subscription'** or 'Cancel Subscription'.
4. **Follow the prompts** to confirm your cancellation.

If you encounter any issues or need further assistance, feel free to reach out to our support team.",15096.28 ms,3,sentiment_analysis_agent,124,,,positive,
Product Information,Can you tell me more details about the features of your premium plan?,"The premium plan offers a variety of features designed to enhance your experience. While I couldn't find specific details about the premium plan features in the knowledge base, I recommend checking your account settings or contacting customer support for comprehensive information. If you have any specific questions or need assistance with a particular feature, feel free to ask!",1499.38 ms,1,faq_knowledge_base_agent,123,,,,Please allow 3-5 business days for your order to arrive.
Product Information,Can you tell me more details about the features of your premium plan?,"The premium plan offers a variety of features designed to enhance your experience. While I couldn't find specific details about the premium plan features in the knowledge base, I recommend checking your account settings or contacting customer support for comprehensive information. If you have any specific questions or need assistance with a particular feature, feel free to ask!",1499.38 ms,1,faq_knowledge_base_agent,124,,,,Your subscription will renew on the 15th of next month.
Payment Issue,I was charged twice for my last payment. How can I get a refund for the duplicate charge?,"To request a refund for the duplicate charge, please follow these steps:

1. **Contact Customer Support:** Reach out to the customer support team of the service or company that charged you. You can usually find their contact information on their website.

2. **Provide Details:** When you contact them, be sure to include:
   - Your account information (if applicable)
   - The transaction details (date, amount, and any reference numbers)
   - A clear explanation that you were charged twice and are requesting a refund for the duplicate charge.

3. **Follow Up:** If you do not receive a response within a few days, consider following up to ensure your request is being processed.

If you need further assistance or specific contact details, let me know!",6773.77 ms,4,email_ingestion_agent,123,Need help with my order,"Hi, I placed an order last week, but it hasn't arrived yet. Can you help me track it?",,
Payment Issue,I was charged twice for my last payment. How can I get a refund for the duplicate charge?,"To request a refund for the duplicate charge, please follow these steps:

1. **Contact Customer Support:** Reach out to the customer support team of the service or company that charged you. You can usually find their contact information on their website.

2. **Provide Details:** When you contact them, be sure to include:
   - Your account information (if applicable)
   - The transaction details (date, amount, and any reference numbers)
   - A clear explanation that you were charged twice and are requesting a refund for the duplicate charge.

3. **Follow Up:** If you do not receive a response within a few days, consider following up to ensure your request is being processed.

If you need further assistance or specific contact details, let me know!",6773.77 ms,4,email_ingestion_agent,124,Question about my subscription,"Hello, I have a question about my subscription renewal. Can you provide more details?",,
Payment Issue,I was charged twice for my last payment. How can I get a refund for the duplicate charge?,"To request a refund for the duplicate charge, please follow these steps:

1. **Contact Customer Support:** Reach out to the customer support team of the service or company that charged you. You can usually find their contact information on their website.

2. **Provide Details:** When you contact them, be sure to include:
   - Your account information (if applicable)
   - The transaction details (date, amount, and any reference numbers)
   - A clear explanation that you were charged twice and are requesting a refund for the duplicate charge.

3. **Follow Up:** If you do not receive a response within a few days, consider following up to ensure your request is being processed.

If you need further assistance or specific contact details, let me know!",6773.77 ms,4,sentiment_analysis_agent,123,,,neutral,
Payment Issue,I was charged twice for my last payment. How can I get a refund for the duplicate charge?,"To request a refund for the duplicate charge, please follow these steps:

1. **Contact Customer Support:** Reach out to the customer support team of the service or company that charged you. You can usually find their contact information on their website.

2. **Provide Details:** When you contact them, be sure to include:
   - Your account information (if applicable)
   - The transaction details (date, amount, and any reference numbers)
   - A clear explanation that you were charged twice and are requesting a refund for the duplicate charge.

3. **Follow Up:** If you do not receive a response within a few days, consider following up to ensure your request is being processed.

If you need further assistance or specific contact details, let me know!",6773.77 ms,4,sentiment_analysis_agent,124,,,positive,
Payment Issue,I was charged twice for my last payment. How can I get a refund for the duplicate charge?,"To request a refund for the duplicate charge, please follow these steps:

1. **Contact Customer Support:** Reach out to the customer support team of the service or company that charged you. You can usually find their contact information on their website.

2. **Provide Details:** When you contact them, be sure to include:
   - Your account information (if applicable)
   - The transaction details (date, amount, and any reference numbers)
   - A clear explanation that you were charged twice and are requesting a refund for the duplicate charge.

3. **Follow Up:** If you do not receive a response within a few days, consider following up to ensure your request is being processed.

If you need further assistance or specific contact details, let me know!",6773.77 ms,4,faq_knowledge_base_agent,123,,,,Please allow 3-5 business days for your order to arrive.
Payment Issue,I was charged twice for my last payment. How can I get a refund for the duplicate charge?,"To request a refund for the duplicate charge, please follow these steps:

1. **Contact Customer Support:** Reach out to the customer support team of the service or company that charged you. You can usually find their contact information on their website.

2. **Provide Details:** When you contact them, be sure to include:
   - Your account information (if applicable)
   - The transaction details (date, amount, and any reference numbers)
   - A clear explanation that you were charged twice and are requesting a refund for the duplicate charge.

3. **Follow Up:** If you do not receive a response within a few days, consider following up to ensure your request is being processed.

If you need further assistance or specific contact details, let me know!",6773.77 ms,4,faq_knowledge_base_agent,124,,,,Your subscription will renew on the 15th of next month.
Service Downtime,Is there an issue with your service? I can’t access my dashboard right now.,"It appears that there are no urgent issues with our service based on the recent emails received. The emails fetched indicate that users are inquiring about their orders and subscriptions, but their sentiments are neutral and positive, suggesting no immediate concerns regarding dashboard access. 

If you're still experiencing issues accessing your dashboard, please let me know, and I can assist you further!",9565.27 ms,4,email_ingestion_agent,123,Need help with my order,"Hi, I placed an order last week, but it hasn't arrived yet. Can you help me track it?",,
Service Downtime,Is there an issue with your service? I can’t access my dashboard right now.,"It appears that there are no urgent issues with our service based on the recent emails received. The emails fetched indicate that users are inquiring about their orders and subscriptions, but their sentiments are neutral and positive, suggesting no immediate concerns regarding dashboard access. 

If you're still experiencing issues accessing your dashboard, please let me know, and I can assist you further!",9565.27 ms,4,email_ingestion_agent,124,Question about my subscription,"Hello, I have a question about my subscription renewal. Can you provide more details?",,
Service Downtime,Is there an issue with your service? I can’t access my dashboard right now.,"It appears that there are no urgent issues with our service based on the recent emails received. The emails fetched indicate that users are inquiring about their orders and subscriptions, but their sentiments are neutral and positive, suggesting no immediate concerns regarding dashboard access. 

If you're still experiencing issues accessing your dashboard, please let me know, and I can assist you further!",9565.27 ms,4,sentiment_analysis_agent,123,,,neutral,
Service Downtime,Is there an issue with your service? I can’t access my dashboard right now.,"It appears that there are no urgent issues with our service based on the recent emails received. The emails fetched indicate that users are inquiring about their orders and subscriptions, but their sentiments are neutral and positive, suggesting no immediate concerns regarding dashboard access. 

If you're still experiencing issues accessing your dashboard, please let me know, and I can assist you further!",9565.27 ms,4,sentiment_analysis_agent,124,,,positive,
Service Downtime,Is there an issue with your service? I can’t access my dashboard right now.,"It appears that there are no urgent issues with our service based on the recent emails received. The emails fetched indicate that users are inquiring about their orders and subscriptions, but their sentiments are neutral and positive, suggesting no immediate concerns regarding dashboard access. 

If you're still experiencing issues accessing your dashboard, please let me know, and I can assist you further!",9565.27 ms,4,faq_knowledge_base_agent,123,,,,Please allow 3-5 business days for your order to arrive.
Service Downtime,Is there an issue with your service? I can’t access my dashboard right now.,"It appears that there are no urgent issues with our service based on the recent emails received. The emails fetched indicate that users are inquiring about their orders and subscriptions, but their sentiments are neutral and positive, suggesting no immediate concerns regarding dashboard access. 

If you're still experiencing issues accessing your dashboard, please let me know, and I can assist you further!",9565.27 ms,4,faq_knowledge_base_agent,124,,,,Your subscription will renew on the 15th of next month.
Shipping Inquiry,I need to update the shipping address for my recent order. Can you help?,"To update the shipping address for your recent order, please follow these steps:

1. **Locate Your Order:** Check your order confirmation email for details about your order.
2. **Contact Customer Support:** Reply to the email you received regarding your order or reach out to customer support directly through their website or phone number.
3. **Provide New Address:** Clearly state your new shipping address in your message.

If you need further assistance or have any specific details to share, feel free to let me know!",4098.74 ms,3,email_ingestion_agent,123,Need help with my order,"Hi, I placed an order last week, but it hasn't arrived yet. Can you help me track it?",,
Shipping Inquiry,I need to update the shipping address for my recent order. Can you help?,"To update the shipping address for your recent order, please follow these steps:

1. **Locate Your Order:** Check your order confirmation email for details about your order.
2. **Contact Customer Support:** Reply to the email you received regarding your order or reach out to customer support directly through their website or phone number.
3. **Provide New Address:** Clearly state your new shipping address in your message.

If you need further assistance or have any specific details to share, feel free to let me know!",4098.74 ms,3,email_ingestion_agent,124,Question about my subscription,"Hello, I have a question about my subscription renewal. Can you provide more details?",,
Shipping Inquiry,I need to update the shipping address for my recent order. Can you help?,"To update the shipping address for your recent order, please follow these steps:

1. **Locate Your Order:** Check your order confirmation email for details about your order.
2. **Contact Customer Support:** Reply to the email you received regarding your order or reach out to customer support directly through their website or phone number.
3. **Provide New Address:** Clearly state your new shipping address in your message.

If you need further assistance or have any specific details to share, feel free to let me know!",4098.74 ms,3,faq_knowledge_base_agent,123,,,,Please allow 3-5 business days for your order to arrive.
Shipping Inquiry,I need to update the shipping address for my recent order. Can you help?,"To update the shipping address for your recent order, please follow these steps:

1. **Locate Your Order:** Check your order confirmation email for details about your order.
2. **Contact Customer Support:** Reply to the email you received regarding your order or reach out to customer support directly through their website or phone number.
3. **Provide New Address:** Clearly state your new shipping address in your message.

If you need further assistance or have any specific details to share, feel free to let me know!",4098.74 ms,3,faq_knowledge_base_agent,124,,,,Your subscription will renew on the 15th of next month.
